attack,config,n,threshold,stamp_fn,stamp_fnr,stamp_ci95_lower,stamp_ci95_upper,stamp_ci95_minus,stamp_ci95_plus,stampv2_fn,stampv2_fnr,stampv2_ci95_lower,stampv2_ci95_upper,stampv2_ci95_minus,stampv2_ci95_plus,audioseal_fn,audioseal_fnr,audioseal_ci95_lower,audioseal_ci95_upper,audioseal_ci95_minus,audioseal_ci95_plus,wavmark_fn,wavmark_fnr,wavmark_ci95_lower,wavmark_ci95_upper,wavmark_ci95_minus,wavmark_ci95_plus
background_noise,05,250,14,193,0.772,0.7161076912424261,0.8196594958537787,0.055892308757573894,0.04765949585377871,225,0.9,0.8565473757413067,0.9313455464589946,0.04345262425869334,0.031345546458994566,215,0.86,0.8115192932332553,0.8975843367470158,0.04848070676674465,0.03758433674701578,250,1.0,0.9848661527503766,1.0,0.015133847249623411,0.0
background_noise,10,250,14,135,0.54,0.47807895390860083,0.6007103383114293,0.0619210460913992,0.060710338311429246,185,0.74,0.6822851203436464,0.7904506329765344,0.05771487965635358,0.050450632976534404,212,0.848,0.7982538839765846,0.8872129583376774,0.04974611602341539,0.03921295833767746,250,1.0,0.9848661527503766,1.0,0.015133847249623411,0.0
background_noise,20,250,14,50,0.2,0.15512326880286578,0.25395703954690824,0.04487673119713423,0.053957039546908225,107,0.428,0.3682111082988261,0.4899681657051197,0.05978889170117391,0.061968165705119704,213,0.852,0.8026649802416493,0.8906807912946159,0.04933501975835064,0.03868079129461588,226,0.904,0.8611332699687319,0.9346385814535726,0.042866730031268174,0.030638581453572566
background_noise,30,250,14,28,0.112,0.07863379432036412,0.15711007114534364,0.033366205679635885,0.04511007114534364,88,0.352,0.29544366352974316,0.41303595525614534,0.05655633647025682,0.06103595525614536,219,0.876,0.8293672890376607,0.9112520578306225,0.04663271096233934,0.03525205783062246,39,0.156,0.11626512943648533,0.20614695747125555,0.03973487056351467,0.050146957471255554
background_noise,40,250,14,23,0.092,0.06208656638760557,0.13426265296808712,0.02991343361239443,0.04226265296808712,86,0.344,0.2878738024449977,0.40484795789688477,0.056126197555002255,0.0608479578968848,210,0.84,0.7894621432010622,0.8802468406691939,0.05053785679893774,0.04024684066919393,11,0.044,0.024743541619069078,0.07705852707258744,0.01925645838093092,0.03305852707258744
channel,P1,250,14,22,0.088,0.058830921041025906,0.12963936909266374,0.02916907895897409,0.04163936909266375,85,0.34,0.2840956187275826,0.40074721239229694,0.055904381272417425,0.06074721239229691,217,0.868,0.8204189328669529,0.9044425555573243,0.047581067133047106,0.03644255555732434,8,0.032,0.016302169731072406,0.061863111294575085,0.015697830268927595,0.029863111294575084
channel,P2,250,14,26,0.104,0.07196474410827003,0.14802126291343168,0.032035255891729966,0.04402126291343168,90,0.36,0.30303128258888623,0.4212061946410083,0.056968717411113756,0.061206194641008294,216,0.864,0.815963246638718,0.901019312563556,0.04803675336128199,0.03701931256355606,7,0.028,0.013627884857773491,0.056658466945870976,0.01437211514222651,0.028658466945870976
channel,P3,250,14,30,0.12,0.08536266215857913,0.16613906175113463,0.03463733784142087,0.046139061751134636,88,0.352,0.29544366352974316,0.41303595525614534,0.05655633647025682,0.06103595525614536,205,0.82,0.7676470766122656,0.8626672611479753,0.05235292338773434,0.042667261147975366,5,0.02,0.008572197944651562,0.045956295414986886,0.011427802055348438,0.025956295414986886
channel,P4,250,14,39,0.156,0.11626512943648533,0.20614695747125555,0.03973487056351467,0.050146957471255554,96,0.384,0.3258981738809542,0.44561287868095845,0.058101826119045796,0.06161287868095844,201,0.804,0.7503481276833216,0.8484504931889075,0.05365187231667845,0.04445049318890748,13,0.052,0.03063736169809375,0.0869225654375688,0.021362638301906246,0.034922565437568796
channel,P5,250,14,42,0.168,0.12675788778063776,0.21929098679311218,0.04124211221936225,0.05129098679311217,120,0.48,0.4188413078841016,0.5417640460058832,0.06115869211589836,0.061764046005883255,212,0.848,0.7982538839765846,0.8872129583376774,0.04974611602341539,0.03921295833767746,19,0.076,0.0491912491961804,0.11564225327150024,0.0268087508038196,0.03964225327150024
echo,0.1,250,14,29,0.116,0.08199108127964577,0.161631713408065,0.034008918720354234,0.045631713408065,105,0.42,0.360481217387437,0.48194019817250267,0.05951878261256299,0.06194019817250268,210,0.84,0.7894621432010622,0.8802468406691939,0.05053785679893774,0.04024684066919393,37,0.148,0.10931920870538417,0.1973350197583507,0.038680791294615824,0.049335019758350696
echo,0.3,250,14,30,0.12,0.08536266215857913,0.16613906175113463,0.03463733784142087,0.046139061751134636,120,0.48,0.4188413078841016,0.5417640460058832,0.06115869211589836,0.061764046005883255,215,0.86,0.8115192932332553,0.8975843367470158,0.04848070676674465,0.03758433674701578,30,0.12,0.08536266215857913,0.16613906175113463,0.03463733784142087,0.046139061751134636
echo,0.5,250,14,29,0.116,0.08199108127964577,0.161631713408065,0.034008918720354234,0.045631713408065,117,0.468,0.40709862287317655,0.5298699433507994,0.060901377126823475,0.06186994335079937,215,0.86,0.8115192932332553,0.8975843367470158,0.04848070676674465,0.03758433674701578,31,0.124,0.08874794216937745,0.1706327109623393,0.035252057830622546,0.04663271096233931
echo,0.7,250,14,40,0.16,0.11975315933080616,0.21053785679893777,0.040246840669193845,0.05053785679893777,110,0.44,0.37983590558700137,0.5019801560829534,0.06016409441299864,0.06198015608295343,218,0.872,0.8248867899270436,0.9078536277192366,0.047113210072956435,0.035853627719236614,32,0.128,0.09214637228076344,0.17511321007295638,0.03585362771923656,0.04711321007295638
echo,0.9,250,14,30,0.12,0.08536266215857913,0.16613906175113463,0.03463733784142087,0.046139061751134636,114,0.456,0.39539104866179015,0.5179407298961768,0.06060895133820987,0.06194072989617677,216,0.864,0.815963246638718,0.901019312563556,0.04803675336128199,0.03701931256355606,37,0.148,0.10931920870538417,0.1973350197583507,0.038680791294615824,0.049335019758350696
encodec,01.5bw,250,14,249,0.996,0.977693652885133,0.9992935706432406,0.018306347114867005,0.003293570643240651,250,1.0,0.9848661527503766,1.0,0.015133847249623411,0.0,213,0.852,0.8026649802416493,0.8906807912946159,0.04933501975835064,0.03868079129461588,250,1.0,0.9848661527503766,1.0,0.015133847249623411,0.0
encodec,03bw,250,14,247,0.988,0.9653186109241421,0.9959107541602255,0.022681389075857927,0.007910754160225464,249,0.996,0.977693652885133,0.9992935706432406,0.018306347114867005,0.003293570643240651,205,0.82,0.7676470766122656,0.8626672611479753,0.05235292338773434,0.042667261147975366,250,1.0,0.9848661527503766,1.0,0.015133847249623411,0.0
encodec,06bw,250,14,244,0.976,0.94863720404899,0.9889553733693685,0.02736279595100999,0.012955373369368473,245,0.98,0.9540437045850131,0.9914278020553485,0.025956295414986896,0.011427802055348546,210,0.84,0.7894621432010622,0.8802468406691939,0.05053785679893774,0.04024684066919393,250,1.0,0.9848661527503766,1.0,0.015133847249623411,0.0
encodec,12bw,250,14,229,0.916,0.875004257077684,0.9444043820106295,0.040995742922316,0.028404382010629448,241,0.964,0.9330088524397113,0.980946937312638,0.030991147560288645,0.016946937312638077,207,0.828,0.7763462457575925,0.8697259504466546,0.05165375424240748,0.041725950446654614,250,1.0,0.9848661527503766,1.0,0.015133847249623411,0.0
encodec,24bw,250,14,225,0.9,0.8565473757413067,0.9313455464589946,0.04345262425869334,0.031345546458994566,237,0.948,0.9130774345624312,0.9693626383019062,0.034922565437568776,0.02136263830190621,222,0.888,0.8428899288546563,0.9213662056796359,0.04511007114534371,0.033366205679635885,250,1.0,0.9848661527503766,1.0,0.015133847249623411,0.0
gaussian_noise,05,250,14,164,0.656,0.5951520421031152,0.7121261975550023,0.0608479578968848,0.056126197555002255,195,0.78,0.7246261912502433,0.8268988542899677,0.055373808749756726,0.04689885428996765,212,0.848,0.7982538839765846,0.8872129583376774,0.04974611602341539,0.03921295833767746,250,1.0,0.9848661527503766,1.0,0.015133847249623411,0.0
gaussian_noise,10,250,14,102,0.408,0.3489166372875682,0.4698679906063625,0.05908336271243175,0.0618679906063625,142,0.568,0.5060238561876421,0.6279179405864089,0.06197614381235783,0.05991794058640898,210,0.84,0.7894621432010622,0.8802468406691939,0.05053785679893774,0.04024684066919393,246,0.984,0.9595895595167768,0.9937608763455877,0.02441044048322316,0.009760876345587755
gaussian_noise,20,250,14,35,0.14,0.10241566325298423,0.1884807067667446,0.03758433674701578,0.0484807067667446,99,0.396,0.3373887778853423,0.45775906234257946,0.058611222114657746,0.06175906234257944,203,0.812,0.7589815771806265,0.8555749021356085,0.05301842281937352,0.04357490213560844,108,0.432,0.372082059413591,0.4939761438123577,0.05991794058640898,0.06197614381235772
gaussian_noise,30,250,14,24,0.096,0.06536141854642746,0.13886673003126823,0.03063858145357254,0.04286673003126823,89,0.356,0.2992352701441643,0.41712327786372716,0.056764729855835694,0.06112327786372718,210,0.84,0.7894621432010622,0.8802468406691939,0.05053785679893774,0.04024684066919393,8,0.032,0.016302169731072406,0.061863111294575085,0.015697830268927595,0.029863111294575084
gaussian_noise,40,250,14,22,0.088,0.058830921041025906,0.12963936909266374,0.02916907895897409,0.04163936909266375,85,0.34,0.2840956187275826,0.40074721239229694,0.055904381272417425,0.06074721239229691,208,0.832,0.7807090132068878,0.8732421122193622,0.05129098679311217,0.04124211221936225,4,0.016,0.006239123654412256,0.04041044048322319,0.009760876345587744,0.02441044048322319
highpass,0.06,250,14,28,0.112,0.07863379432036412,0.15711007114534364,0.033366205679635885,0.04511007114534364,127,0.508,0.4463768324746957,0.5693810259693104,0.061623167525304334,0.06138102596931039,212,0.848,0.7982538839765846,0.8872129583376774,0.04974611602341539,0.03921295833767746,5,0.02,0.008572197944651562,0.045956295414986886,0.011427802055348438,0.025956295414986886
highpass,0.07,250,14,27,0.108,0.07529144734526685,0.1525734888984379,0.032708552654733145,0.04457348889843789,127,0.508,0.4463768324746957,0.5693810259693104,0.061623167525304334,0.06138102596931039,196,0.784,0.7288955001859427,0.8305084745762712,0.055104499814057295,0.046508474576271164,7,0.028,0.013627884857773491,0.056658466945870976,0.01437211514222651,0.028658466945870976
highpass,0.08,250,14,28,0.112,0.07863379432036412,0.15711007114534364,0.033366205679635885,0.04511007114534364,119,0.476,0.4149231875977522,0.5378032370702297,0.06107681240224777,0.06180323707022972,206,0.824,0.7719923442315464,0.8662009227506975,0.052007655768453565,0.042200922750697534,9,0.036,0.019053062687361854,0.06699114756028864,0.016946937312638143,0.03099114756028864
highpass,0.09,250,14,28,0.112,0.07863379432036412,0.15711007114534364,0.033366205679635885,0.04511007114534364,111,0.444,0.383718776205658,0.5059762146862998,0.06028122379434203,0.061976214686299824,204,0.816,0.7633102234972703,0.8591251850409677,0.05268977650272966,0.04312518504096774,8,0.032,0.016302169731072406,0.061863111294575085,0.015697830268927595,0.029863111294575084
highpass,0.1,250,14,28,0.112,0.07863379432036412,0.15711007114534364,0.033366205679635885,0.04511007114534364,99,0.396,0.3373887778853423,0.45775906234257946,0.058611222114657746,0.06175906234257944,211,0.844,0.7938530425287444,0.8837348705635146,0.05014695747125553,0.03973487056351466,23,0.092,0.06208656638760557,0.13426265296808712,0.02991343361239443,0.04226265296808712
lowpass,0.1,250,14,28,0.112,0.07863379432036412,0.15711007114534364,0.033366205679635885,0.04511007114534364,85,0.34,0.2840956187275826,0.40074721239229694,0.055904381272417425,0.06074721239229691,212,0.848,0.7982538839765846,0.8872129583376774,0.04974611602341539,0.03921295833767746,8,0.032,0.016302169731072406,0.061863111294575085,0.015697830268927595,0.029863111294575084
lowpass,0.2,250,14,22,0.088,0.058830921041025906,0.12963936909266374,0.02916907895897409,0.04163936909266375,85,0.34,0.2840956187275826,0.40074721239229694,0.055904381272417425,0.06074721239229691,204,0.816,0.7633102234972703,0.8591251850409677,0.05268977650272966,0.04312518504096774,4,0.016,0.006239123654412256,0.04041044048322319,0.009760876345587744,0.02441044048322319
lowpass,0.3,250,14,22,0.088,0.058830921041025906,0.12963936909266374,0.02916907895897409,0.04163936909266375,85,0.34,0.2840956187275826,0.40074721239229694,0.055904381272417425,0.06074721239229691,224,0.896,0.8519787370865683,0.92803525589173,0.04402126291343167,0.03203525589172995,4,0.016,0.006239123654412256,0.04041044048322319,0.009760876345587744,0.02441044048322319
lowpass,0.4,250,14,22,0.088,0.058830921041025906,0.12963936909266374,0.02916907895897409,0.04163936909266375,85,0.34,0.2840956187275826,0.40074721239229694,0.055904381272417425,0.06074721239229691,207,0.828,0.7763462457575925,0.8697259504466546,0.05165375424240748,0.041725950446654614,4,0.016,0.006239123654412256,0.04041044048322319,0.009760876345587744,0.02441044048322319
lowpass,0.5,250,14,22,0.088,0.058830921041025906,0.12963936909266374,0.02916907895897409,0.04163936909266375,85,0.34,0.2840956187275826,0.40074721239229694,0.055904381272417425,0.06074721239229691,210,0.84,0.7894621432010622,0.8802468406691939,0.05053785679893774,0.04024684066919393,4,0.016,0.006239123654412256,0.04041044048322319,0.009760876345587744,0.02441044048322319
mp3,08,250,14,187,0.748,0.6907047090119511,0.7977889027522356,0.057295290988048864,0.049788902752235575,89,0.356,0.2992352701441643,0.41712327786372716,0.056764729855835694,0.06112327786372718,216,0.864,0.815963246638718,0.901019312563556,0.04803675336128199,0.03701931256355606,236,0.944,0.9082084818368784,0.966352661805456,0.03579151816312154,0.02235266180545603
mp3,16,250,14,59,0.236,0.1876058720228644,0.2923847993249367,0.048394127977135576,0.05638479932493673,93,0.372,0.3144454410853008,0.43342882381060277,0.05755455891469918,0.06142882381060277,211,0.844,0.7938530425287444,0.8837348705635146,0.05014695747125553,0.03973487056351466,133,0.532,0.47013005664920066,0.5929013771268234,0.06186994335079937,0.06090137712682342
mp3,24,250,14,51,0.204,0.158704508175768,0.25825472939600896,0.04529549182423198,0.05425472939600898,97,0.388,0.32972419944620157,0.44966578233771404,0.05827580055379844,0.061665782337714026,205,0.82,0.7676470766122656,0.8626672611479753,0.05235292338773434,0.042667261147975366,137,0.548,0.48604350819877906,0.6085036424652572,0.06195649180122098,0.06050364246525719
mp3,32,250,14,47,0.188,0.14442509786439153,0.24101842281937344,0.04357490213560847,0.05301842281937344,93,0.372,0.3144454410853008,0.43342882381060277,0.05755455891469918,0.06142882381060277,211,0.844,0.7938530425287444,0.8837348705635146,0.05014695747125553,0.03973487056351466,146,0.584,0.5220798207694061,0.6433776928926572,0.0619201792305939,0.05937769289265726
mp3,40,250,14,30,0.12,0.08536266215857913,0.16613906175113463,0.03463733784142087,0.046139061751134636,95,0.38,0.3220763555106477,0.44155576782926187,0.05792364448935228,0.061555767829261865,218,0.872,0.8248867899270436,0.9078536277192366,0.047113210072956435,0.035853627719236614,79,0.316,0.26152343307204234,0.37604582271581904,0.05447656692795766,0.06004582271581904
opus,016kbps,250,14,83,0.332,0.27655293258546276,0.39253204009041076,0.055447067414537254,0.060532040090410744,136,0.544,0.48205927010382327,0.6046089513382098,0.06194072989617677,0.06060895133820976,213,0.852,0.8026649802416493,0.8906807912946159,0.04933501975835064,0.03868079129461588,218,0.872,0.8248867899270436,0.9078536277192366,0.047113210072956435,0.035853627719236614
opus,032kbps,250,14,49,0.196,0.15154950681109253,0.2496518723166785,0.04445049318890748,0.053651872316678506,100,0.4,0.34122728621763343,0.46179948323229125,0.05877271378236659,0.06179948323229123,211,0.844,0.7938530425287444,0.8837348705635146,0.05014695747125553,0.03973487056351466,83,0.332,0.27655293258546276,0.39253204009041076,0.055447067414537254,0.060532040090410744
opus,064kbps,250,14,24,0.096,0.06536141854642746,0.13886673003126823,0.03063858145357254,0.04286673003126823,86,0.344,0.2878738024449977,0.40484795789688477,0.056126197555002255,0.0608479578968848,211,0.844,0.7938530425287444,0.8837348705635146,0.05014695747125553,0.03973487056351466,9,0.036,0.019053062687361854,0.06699114756028864,0.016946937312638143,0.03099114756028864
opus,128kbps,250,14,23,0.092,0.06208656638760557,0.13426265296808712,0.02991343361239443,0.04226265296808712,84,0.336,0.2803219824371439,0.3966419194607326,0.05567801756285612,0.06064191946073255,215,0.86,0.8115192932332553,0.8975843367470158,0.04848070676674465,0.03758433674701578,5,0.02,0.008572197944651562,0.045956295414986886,0.011427802055348438,0.025956295414986886
opus,256kbps,250,14,22,0.088,0.058830921041025906,0.12963936909266374,0.02916907895897409,0.04163936909266375,85,0.34,0.2840956187275826,0.40074721239229694,0.055904381272417425,0.06074721239229691,207,0.828,0.7763462457575925,0.8697259504466546,0.05165375424240748,0.041725950446654614,4,0.016,0.006239123654412256,0.04041044048322319,0.009760876345587744,0.02441044048322319
quantization,12,250,14,102,0.408,0.3489166372875682,0.4698679906063625,0.05908336271243175,0.0618679906063625,168,0.672,0.6115824662757826,0.7272114902703469,0.06041753372421743,0.055211490270346886,211,0.844,0.7938530425287444,0.8837348705635146,0.05014695747125553,0.03973487056351466,245,0.98,0.9540437045850131,0.9914278020553485,0.025956295414986896,0.011427802055348546
quantization,16,250,14,74,0.296,0.24284512248053705,0.3553294871973093,0.053154877519462934,0.059329487197309294,139,0.556,0.49402378531370017,0.616281223794342,0.06197621468629988,0.060281223794341976,213,0.852,0.8026649802416493,0.8906807912946159,0.04933501975835064,0.03868079129461588,237,0.948,0.9130774345624312,0.9693626383019062,0.034922565437568776,0.02136263830190621
quantization,4,250,14,202,0.808,0.7546609408206536,0.8520166092735785,0.05333905917934645,0.04401660927357842,234,0.936,0.8985776859091057,0.9602255992892228,0.03742231409089436,0.024225599289222743,211,0.844,0.7938530425287444,0.8837348705635146,0.05014695747125553,0.03973487056351466,250,1.0,0.9848661527503766,1.0,0.015133847249623411,0.0
quantization,6,250,14,180,0.72,0.6613345904453013,0.7720065167648643,0.05866540955469868,0.05200651676486434,227,0.908,0.865737347031913,0.9379134336123944,0.04226265296808707,0.029913433612394402,211,0.844,0.7938530425287444,0.8837348705635146,0.05014695747125553,0.03973487056351466,250,1.0,0.9848661527503766,1.0,0.015133847249623411,0.0
quantization,8,250,14,149,0.596,0.5341642139406014,0.6549300873874709,0.061835786059398545,0.058930087387470964,207,0.828,0.7763462457575925,0.8697259504466546,0.05165375424240748,0.041725950446654614,210,0.84,0.7894621432010622,0.8802468406691939,0.05053785679893774,0.04024684066919393,250,1.0,0.9848661527503766,1.0,0.015133847249623411,0.0
smooth,06,250,14,23,0.092,0.06208656638760557,0.13426265296808712,0.02991343361239443,0.04226265296808712,87,0.348,0.29165649607070654,0.4089441934931789,0.05634350392929344,0.06094419349317892,214,0.856,0.8070866646773006,0.8941380360809675,0.04891333532269937,0.03813803608096755,4,0.016,0.006239123654412256,0.04041044048322319,0.009760876345587744,0.02441044048322319
smooth,10,250,14,23,0.092,0.06208656638760557,0.13426265296808712,0.02991343361239443,0.04226265296808712,85,0.34,0.2840956187275826,0.40074721239229694,0.055904381272417425,0.06074721239229691,214,0.856,0.8070866646773006,0.8941380360809675,0.04891333532269937,0.03813803608096755,19,0.076,0.0491912491961804,0.11564225327150024,0.0268087508038196,0.03964225327150024
smooth,14,250,14,22,0.088,0.058830921041025906,0.12963936909266374,0.02916907895897409,0.04163936909266375,86,0.344,0.2878738024449977,0.40484795789688477,0.056126197555002255,0.0608479578968848,193,0.772,0.7161076912424261,0.8196594958537787,0.055892308757573894,0.04765949585377871,31,0.124,0.08874794216937745,0.1706327109623393,0.035252057830622546,0.04663271096233931
smooth,18,250,14,23,0.092,0.06208656638760557,0.13426265296808712,0.02991343361239443,0.04226265296808712,88,0.352,0.29544366352974316,0.41303595525614534,0.05655633647025682,0.06103595525614536,224,0.896,0.8519787370865683,0.92803525589173,0.04402126291343167,0.03203525589172995,68,0.272,0.22059935523679833,0.33030167910902997,0.05140064476320169,0.05830167910902995
smooth,22,250,14,25,0.1,0.06865445354100544,0.1434526242586933,0.031345546458994566,0.043452624258693284,94,0.376,0.31825876924195456,0.4374944248759521,0.057741230758045436,0.06149442487595208,204,0.816,0.7633102234972703,0.8591251850409677,0.05268977650272966,0.04312518504096774,80,0.32,0.26527371529560945,0.380174469714255,0.05472628470439056,0.060174469714255
time_stretch,0.7,250,14,246,0.984,0.9595895595167768,0.9937608763455877,0.02441044048322316,0.009760876345587755,249,0.996,0.977693652885133,0.9992935706432406,0.018306347114867005,0.003293570643240651,221,0.884,0.8383682865919351,0.9180089187203542,0.04563171340806493,0.034008918720354164,68,0.272,0.22059935523679833,0.33030167910902997,0.05140064476320169,0.05830167910902995
time_stretch,0.9,250,14,209,0.836,0.7850808922234535,0.8767491624247995,0.05091910777654651,0.040749162424799534,248,0.992,0.9713048854232084,0.9978034088831621,0.02069511457679163,0.005803408883162109,229,0.916,0.875004257077684,0.9444043820106295,0.040995742922316,0.028404382010629448,23,0.092,0.06208656638760557,0.13426265296808712,0.02991343361239443,0.04226265296808712
time_stretch,1.1,250,14,175,0.7,0.6405173251395347,0.7534291359606159,0.05948267486046521,0.05342913596061594,248,0.992,0.9713048854232084,0.9978034088831621,0.02069511457679163,0.005803408883162109,214,0.856,0.8070866646773006,0.8941380360809675,0.04891333532269937,0.03813803608096755,25,0.1,0.06865445354100544,0.1434526242586933,0.031345546458994566,0.043452624258693284
time_stretch,1.3,250,14,236,0.944,0.9082084818368784,0.966352661805456,0.03579151816312154,0.02235266180545603,250,1.0,0.9848661527503766,1.0,0.015133847249623411,0.0,206,0.824,0.7719923442315464,0.8662009227506975,0.052007655768453565,0.042200922750697534,77,0.308,0.2540373353038144,0.367774062040041,0.0539626646961856,0.05977406204004099
time_stretch,1.5,250,14,243,0.972,0.943341533054129,0.9863721151422264,0.02865846694587093,0.014372115142226471,250,1.0,0.9848661527503766,1.0,0.015133847249623411,0.0,211,0.844,0.7938530425287444,0.8837348705635146,0.05014695747125553,0.03973487056351466,172,0.688,0.6280876301153657,0.7422220433187758,0.05991236988463422,0.05422204331877589
